population,n_responders,n_non_responders,u_statistic,p_value
b_cell,993,975,459971.0,0.055702309738266245
cd4_t_cell,993,975,515276.0,0.013344218813937624
cd8_t_cell,993,975,478176.0,0.6390858847346418
monocyte,993,975,466510.0,0.16315013268752876
nk_cell,993,975,464546.0,0.1210507982042857
